ticker,source,title,description,published_at,url,full_text,cleaned_text,analysis_text,pos,neg,neu,compound,sentiment
AAPL,Macdailynews.com,Apple’s March Madness: Tim Cook teases a ‘big week ahead’ starting Monday,"Apple's CEO took to X on Thursday, to drop a hint about what's coming down the pipeline. ""A big week ahead. It all starts Monday morning!""
The post Apple’s March Madness: Tim Cook teases a ‘big week ahead’ starting Monday appeared first on MacDailyNews.",2026-02-26,https://macdailynews.com/2026/02/26/apples-march-madness-tim-cook-teases-a-big-week-ahead-starting-monday/,"Apple’s March Madness: Tim Cook teases a ‘big week ahead’ starting Monday Apple's CEO took to X on Thursday, to drop a hint about what's coming down the pipeline. ""A big week ahead. It all starts Monday morning!""
The post Apple’s March Madness: Tim Cook teases a ‘big week ahead’ starting Monday appeared first on MacDailyNews.",apples march madness tim cook teases a big week ahead starting monday apples ceo took to x on thursday to drop a hint about whats coming down the pipeline a big week ahead it all starts monday morning the post apples march madness tim cook teases a big week ahead starting monday appeared first on macdailynews,apples march madness tim cook teases big week ahead starting monday apples ceo took x thursday drop hint whats coming pipeline big week ahead starts monday morning post apples march madness tim cook teases big week ahead starting monday appeared first macdailynews,0.0,0.194,0.806,-0.8834,Negative
AAPL,Notebookcheck.net,Apple confirms new device releases occurring before first 2026 launch event,"Apple CEO Tim Cook has confirmed that new devices will be arriving before the company's upcoming 'Special Apple Experience'. In fact, it seems that a week of product launches is on the cards. Seemingly, Tim Cook has revealed one of these ahead of time, too.",2026-02-26,https://www.notebookcheck.net/Apple-confirms-new-device-releases-occurring-before-first-2026-launch-event.1235652.0.html,"Apple confirms new device releases occurring before first 2026 launch event Apple CEO Tim Cook has confirmed that new devices will be arriving before the company's upcoming 'Special Apple Experience'. In fact, it seems that a week of product launches is on the cards. Seemingly, Tim Cook has revealed one of these ahead of time, too.",apple confirms new device releases occurring before first 2026 launch event apple ceo tim cook has confirmed that new devices will be arriving before the companys upcoming special apple experience in fact it seems that a week of product launches is on the cards seemingly tim cook has revealed one of these ahead of time too,apple confirms new device releases occurring first 2026 launch event apple ceo tim cook confirmed new devices arriving companys upcoming special apple experience fact seems week product launches cards seemingly tim cook revealed one ahead time,0.047,0.0,0.953,0.4019,Positive
AAPL,TechRadar,Tim Cook teases 'a big week ahead' and it might just be the arrival of the low-cost MacBook,"Tim Cook’s “big week ahead” tease hints that Apple will drop several new iPads, Macs – possibly a low-cost MacBook – and a new iPhone 17e before its March 4 showcase.",2026-02-26,https://www.techradar.com/computing/tim-cook-teases-a-big-week-ahead-and-it-might-just-be-the-arrival-of-the-low-cost-macbook,"Tim Cook teases 'a big week ahead' and it might just be the arrival of the low-cost MacBook Tim Cook’s “big week ahead” tease hints that Apple will drop several new iPads, Macs – possibly a low-cost MacBook – and a new iPhone 17e before its March 4 showcase.",tim cook teases a big week ahead and it might just be the arrival of the lowcost macbook tim cooks big week ahead tease hints that apple will drop several new ipads macs possibly a lowcost macbook and a new iphone 17e before its march 4 showcase,tim cook teases big week ahead might arrival lowcost macbook tim cooks big week ahead tease hints apple drop several new ipads macs possibly lowcost macbook new iphone 17e march 4 showcase,0.0,0.13,0.87,-0.6808,Negative
AAPL,Gizmodo.com,A Low-Cost MacBook Could Resemble a Chromebook in More Ways Than One,"A sub-$1,000 MacBook would necessarily demand compromises, especially in the storage department.",2026-02-26,https://gizmodo.com/rumored-cheap-macbook-could-be-like-a-chromebook-in-more-ways-than-one-2000727022,"A Low-Cost MacBook Could Resemble a Chromebook in More Ways Than One A sub-$1,000 MacBook would necessarily demand compromises, especially in the storage department.",a lowcost macbook could resemble a chromebook in more ways than one a sub1000 macbook would necessarily demand compromises especially in the storage department,lowcost macbook could resemble chromebook ways one sub1000 macbook would necessarily demand compromises especially storage department,0.0,0.061,0.939,-0.128,Negative
AAPL,Excite.co.jp,Tim Cook CEO、3月2日月曜日から新製品発表の週だと予告,TimCookCEOのポストTimCookCEOが、Xに「Abigweekahead.ItallstartsMondaymorning!#AppleLaunch」とポストし、来週の月曜日（3月2日）か...,2026-02-26,https://www.excite.co.jp/news/article/Macotakara_macotakara_50566/,Tim Cook CEO、3月2日月曜日から新製品発表の週だと予告 TimCookCEOのポストTimCookCEOが、Xに「Abigweekahead.ItallstartsMondaymorning!#AppleLaunch」とポストし、来週の月曜日（3月2日）か...,tim cook ceo32 timcookceotimcookceoxabigweekaheaditallstartsmondaymorningapplelaunch32,tim cook ceo32 timcookceotimcookceoxabigweekaheaditallstartsmondaymorningapplelaunch32,0.0,0.0,1.0,0.0,Neutral
AAPL,Cult of Mac,Tim Cook promises ‘big week’ of product launches — what to expect,"Get ready for new Apple products in early March — next week! Expect three new MacBooks, iPhone 17e and more.
(via Cult of Mac - Your source for the latest Apple news, rumors, analysis, reviews, how-tos and deals.)",2026-02-26,https://www.cultofmac.com/news/apple-march-event-2026-tease,"Tim Cook promises ‘big week’ of product launches — what to expect Get ready for new Apple products in early March — next week! Expect three new MacBooks, iPhone 17e and more.
(via Cult of Mac - Your source for the latest Apple news, rumors, analysis, reviews, how-tos and deals.)",tim cook promises big week of product launches what to expect get ready for new apple products in early march next week expect three new macbooks iphone 17e and more via cult of mac your source for the latest apple news rumors analysis reviews howtos and deals,tim cook promises big week product launches expect get ready new apple products early march next week expect three new macbooks iphone 17e via cult mac source latest apple news rumors analysis reviews howtos deals,0.102,0.0,0.898,0.6249,Positive
AAPL,PCMag.com,"Tim Cook Confirms Multi-Day Apple Reveals, Starting on Monday","'A big week ahead,' the Apple CEO tweeted this morning.
UPDATE 2/26: Apple CEO Tim Cook today confirmed that the company will have several days of launches next week, starting on Monday. ""A big week ahead. It all starts Monday morning!"" he tweeted alongside a…",2026-02-26,https://me.pcmag.com/en/laptops/35580/tim-cook-confirms-multi-day-apple-reveals-starting-on-monday,"Tim Cook Confirms Multi-Day Apple Reveals, Starting on Monday 'A big week ahead,' the Apple CEO tweeted this morning.
UPDATE 2/26: Apple CEO Tim Cook today confirmed that the company will have several days of launches next week, starting on Monday. ""A big week ahead. It all starts Monday morning!"" he tweeted alongside a…",tim cook confirms multiday apple reveals starting on monday a big week ahead the apple ceo tweeted this morning update 226 apple ceo tim cook today confirmed that the company will have several days of launches next week starting on monday a big week ahead it all starts monday morning he tweeted alongside a,tim cook confirms multiday apple reveals starting monday big week ahead apple ceo tweeted morning update 226 apple ceo tim cook today confirmed company several days launches next week starting monday big week ahead starts monday morning tweeted alongside,0.0,0.0,1.0,0.0,Neutral
AAPL,PCMag.com,"Tim Cook Confirms Multi-Day Apple Reveals, Starting on Monday","'A big week ahead,' the Apple CEO tweeted this morning.
UPDATE 2/26: Apple CEO Tim Cook today confirmed that the company will have several days of launches next week, starting on Monday. ""A big week ahead. It all starts Monday morning!"" he tweeted alongside a…",2026-02-26,https://uk.pcmag.com/laptops/163406/tim-cook-confirms-multi-day-apple-reveals-starting-on-monday,"Tim Cook Confirms Multi-Day Apple Reveals, Starting on Monday 'A big week ahead,' the Apple CEO tweeted this morning.
UPDATE 2/26: Apple CEO Tim Cook today confirmed that the company will have several days of launches next week, starting on Monday. ""A big week ahead. It all starts Monday morning!"" he tweeted alongside a…",tim cook confirms multiday apple reveals starting on monday a big week ahead the apple ceo tweeted this morning update 226 apple ceo tim cook today confirmed that the company will have several days of launches next week starting on monday a big week ahead it all starts monday morning he tweeted alongside a,tim cook confirms multiday apple reveals starting monday big week ahead apple ceo tweeted morning update 226 apple ceo tim cook today confirmed company several days launches next week starting monday big week ahead starts monday morning tweeted alongside,0.0,0.0,1.0,0.0,Neutral
AAPL,Yahoo Entertainment,"Apple (AAPL) Got The Best Free Ride, Says Jim Cramer",,2026-02-26,https://consent.yahoo.com/v2/collectConsent?sessionId=1_cc-session_17d6321a-fd45-4234-b8a9-ead1adfc4f2c,"Apple (AAPL) Got The Best Free Ride, Says Jim Cramer",apple aapl got the best free ride says jim cramer,apple aapl got best free ride says jim cramer,0.484,0.0,0.516,0.8176,Positive
AAPL,Macworld,Apple teases ‘big week ahead’ starting Monday,"Macworld







Tim Cook today announced what he describes as a “big week” for Apple, starting on Monday.




“A big week ahead,” he said in a brief post on Twitter/X (using his personal account rather than the main company one, which is very rarely used). …",2026-02-26,https://www.macworld.com/article/3072397/apple-teases-big-week-ahead-starting-monday.html,"Apple teases ‘big week ahead’ starting Monday Macworld







Tim Cook today announced what he describes as a “big week” for Apple, starting on Monday.




“A big week ahead,” he said in a brief post on Twitter/X (using his personal account rather than the main company one, which is very rarely used). …",apple teases big week ahead starting monday macworld tim cook today announced what he describes as a big week for apple starting on monday a big week ahead he said in a brief post on twitterx using his personal account rather than the main company one which is very rarely used,apple teases big week ahead starting monday macworld tim cook today announced describes big week apple starting monday big week ahead said brief post twitterx using personal account rather main company one rarely used,0.0,0.042,0.958,-0.296,Negative
AAPL,9to5Mac,One more iPhone 17 model launches next week: Here’s every new feature,"Apple is launching new products next week, as confirmed this morning by CEO Tim Cook. iPhone 17e will be one of those launches, here are the new features to expect.



 more…",2026-02-26,https://9to5mac.com/2026/02/26/one-more-iphone-17-model-launches-next-week-heres-every-new-feature/,"One more iPhone 17 model launches next week: Here’s every new feature Apple is launching new products next week, as confirmed this morning by CEO Tim Cook. iPhone 17e will be one of those launches, here are the new features to expect.



 more…",one more iphone 17 model launches next week heres every new feature apple is launching new products next week as confirmed this morning by ceo tim cook iphone 17e will be one of those launches here are the new features to expect more,one iphone 17 model launches next week heres every new feature apple launching new products next week confirmed morning ceo tim cook iphone 17e one launches new features expect,0.0,0.0,1.0,0.0,Neutral
AAPL,Gizmodo.com,Tim Cook Teases ‘Big Week’ of Announcements Starting Next Monday,Get your credit cards ready.,2026-02-26,https://gizmodo.com/tim-cook-teases-big-week-of-announcements-starting-next-monday-2000727023,Tim Cook Teases ‘Big Week’ of Announcements Starting Next Monday Get your credit cards ready.,tim cook teases big week of announcements starting next monday get your credit cards ready,tim cook teases big week announcements starting next monday get credit cards ready,0.264,0.114,0.622,0.4404,Positive
AAPL,Wccftech,Tim Cook Confirms Next Week Is Apple’s “Big Week”,"Apple is gearing up for one of its most launch-heavy windows of the year next week, when it might launch its much-anticipated low-cost MacBook as well as the iPhone 17e along with the M5 Pro/M5 Max MacBook Pro, Apple Studio Displays, and possibly an iPad or t…",2026-02-26,https://wccftech.com/tim-cook-confirms-next-week-is-apples-big-week/,"Tim Cook Confirms Next Week Is Apple’s “Big Week” Apple is gearing up for one of its most launch-heavy windows of the year next week, when it might launch its much-anticipated low-cost MacBook as well as the iPhone 17e along with the M5 Pro/M5 Max MacBook Pro, Apple Studio Displays, and possibly an iPad or t…",tim cook confirms next week is apples big week apple is gearing up for one of its most launchheavy windows of the year next week when it might launch its muchanticipated lowcost macbook as well as the iphone 17e along with the m5 prom5 max macbook pro apple studio displays and possibly an ipad or t,tim cook confirms next week apples big week apple gearing one launchheavy windows year next week might launch muchanticipated lowcost macbook well iphone 17e along m5 prom5 max macbook pro apple studio displays possibly ipad,0.037,0.0,0.963,0.2732,Positive
AAPL,MacRumors,Apple Teases 'A Big Week Ahead' With Announcements Starting Monday,"Apple CEO Tim Cook today teased ""a big week ahead,"" with announcements starting Monday. His post included an #AppleLaunch hashtag with a colorful Apple logo, along with a short video that ultimately shows an Apple logo on the lid of a Mac.





Apple is repor…",2026-02-26,https://www.macrumors.com/2026/02/26/apple-teases-a-big-week-ahead/,"Apple Teases 'A Big Week Ahead' With Announcements Starting Monday Apple CEO Tim Cook today teased ""a big week ahead,"" with announcements starting Monday. His post included an #AppleLaunch hashtag with a colorful Apple logo, along with a short video that ultimately shows an Apple logo on the lid of a Mac.





Apple is repor…",apple teases a big week ahead with announcements starting monday apple ceo tim cook today teased a big week ahead with announcements starting monday his post included an applelaunch hashtag with a colorful apple logo along with a short video that ultimately shows an apple logo on the lid of a mac apple is repor,apple teases big week ahead announcements starting monday apple ceo tim cook today teased big week ahead announcements starting monday post included applelaunch hashtag colorful apple logo along short video ultimately shows apple logo lid mac apple repor,0.0,0.077,0.923,-0.5267,Negative
AAPL,9to5Mac,"New Apple product launch week starts Monday, Tim Cook confirms",Apple CEO Tim Cook just confirmed that the company will announce new products starting “Monday morning.” This will be the start of a release cycle that includes a press “experience” on Wednesday. 9to5Mac’s Chance Miller will be in attendance in New York City.…,2026-02-26,https://9to5mac.com/2026/02/26/new-apple-product-launch-starts-monday-tim-cook-confirms/,"New Apple product launch week starts Monday, Tim Cook confirms Apple CEO Tim Cook just confirmed that the company will announce new products starting “Monday morning.” This will be the start of a release cycle that includes a press “experience” on Wednesday. 9to5Mac’s Chance Miller will be in attendance in New York City.…",new apple product launch week starts monday tim cook confirms apple ceo tim cook just confirmed that the company will announce new products starting monday morning this will be the start of a release cycle that includes a press experience on wednesday 9to5macs chance miller will be in attendance in new york city,new apple product launch week starts monday tim cook confirms apple ceo tim cook confirmed company announce new products starting monday morning start release cycle includes press experience wednesday 9to5macs chance miller attendance new york city,0.037,0.0,0.963,0.25,Positive
AAPL,MacRumors,Apple Reportedly Agrees to 100% Price Hike on Samsung Memory Chips,"Apple has agreed to pay Samsung twice as much for the LPDDR5X memory chips that it needs for ongoing iPhone 17 production, claims a report from Korean outlet Dealsite.





According to the report's sources, Apple recently held emergency meetings with Samsung…",2026-02-26,https://www.macrumors.com/2026/02/26/apple-agrees-100-price-hike-samsung-ram/,"Apple Reportedly Agrees to 100% Price Hike on Samsung Memory Chips Apple has agreed to pay Samsung twice as much for the LPDDR5X memory chips that it needs for ongoing iPhone 17 production, claims a report from Korean outlet Dealsite.





According to the report's sources, Apple recently held emergency meetings with Samsung…",apple reportedly agrees to 100 price hike on samsung memory chips apple has agreed to pay samsung twice as much for the lpddr5x memory chips that it needs for ongoing iphone 17 production claims a report from korean outlet dealsite according to the reports sources apple recently held emergency meetings with samsung,apple reportedly agrees 100 price hike samsung memory chips apple agreed pay samsung twice much lpddr5x memory chips needs ongoing iphone 17 production claims report korean outlet dealsite according reports sources apple recently held emergency meetings samsung,0.07,0.072,0.859,-0.0258,Neutral
AAPL,Applech2.com,Apple、最新のmacOS 26 TahoeやiOS/iPadOS 26、visionOS 26で「Sony Alpha ILCE-7M5 (α7 V)」デジタルカメラのRAWフォーマットをネイティブサポート。,"Appleが最新のmacOS 26 TahoeやiOS/iPadOS 26、visionOS 26で「Sony Alpha ILCE-7M5 (α7 V)」デジタルカメラのRAWフォーマットをネイティブサポートしていま […]
The post Apple、最新のmacOS 26 TahoeやiOS/iPadOS 26、visionOS 26で「Sony Alpha ILCE-7M5 (α7 V)」デジタルカメラのRAWフォーマットをネイティブサポート。 first appeared on AAPL Ch..",2026-02-26,https://applech2.com/archives/20260226-macos-26-tahoe-and-ios-26-support-sony-alpha-ilce-7m5-raw.html,"Apple、最新のmacOS 26 TahoeやiOS/iPadOS 26、visionOS 26で「Sony Alpha ILCE-7M5 (α7 V)」デジタルカメラのRAWフォーマットをネイティブサポート。 Appleが最新のmacOS 26 TahoeやiOS/iPadOS 26、visionOS 26で「Sony Alpha ILCE-7M5 (α7 V)」デジタルカメラのRAWフォーマットをネイティブサポートしていま […]
The post Apple、最新のmacOS 26 TahoeやiOS/iPadOS 26、visionOS 26で「Sony Alpha ILCE-7M5 (α7 V)」デジタルカメラのRAWフォーマットをネイティブサポート。 first appeared on AAPL Ch..",applemacos 26 tahoeiosipados 26visionos 26sony alpha ilce7m5 7 vraw applemacos 26 tahoeiosipados 26visionos 26sony alpha ilce7m5 7 vraw the post applemacos 26 tahoeiosipados 26visionos 26sony alpha ilce7m5 7 vraw first appeared on aapl ch,applemacos 26 tahoeiosipados 26visionos 26sony alpha ilce7m5 7 vraw applemacos 26 tahoeiosipados 26visionos 26sony alpha ilce7m5 7 vraw post applemacos 26 tahoeiosipados 26visionos 26sony alpha ilce7m5 7 vraw first appeared aapl ch,0.0,0.0,1.0,0.0,Neutral
AAPL,Livemint,"Apple in talks with ICICI Bank, HDFC Bank and Axis Bank to start payment service in India: Report",Apple Inc. is in discussions with key Indian banks and global card networks in preparation to start Apple Pay in the world’s most populous country.,2026-02-26,https://www.livemint.com/companies/news/apple-in-talks-with-icici-bank-hdfc-bank-and-axis-bank-to-start-payment-service-in-india-11772089475257.html,"Apple in talks with ICICI Bank, HDFC Bank and Axis Bank to start payment service in India: Report Apple Inc. is in discussions with key Indian banks and global card networks in preparation to start Apple Pay in the world’s most populous country.",apple in talks with icici bank hdfc bank and axis bank to start payment service in india report apple inc is in discussions with key indian banks and global card networks in preparation to start apple pay in the worlds most populous country,apple talks icici bank hdfc bank axis bank start payment service india report apple inc discussions key indian banks global card networks preparation start apple pay worlds populous country,0.0,0.032,0.968,-0.1027,Negative
AAPL,Applech2.com,iPhone/iPad向けにリリースされていたステルスアクションゲーム「HITMAN World of Assassination」が16GB RAM以上のApple Silicon Macに対応。,"iPhone/iPad向けにリリースされていたステルスアクションゲーム「HITMAN World of Assassination」がApple Silicon Macに対応しています。詳細は以下から。 　デンマークの […]
The post iPhone/iPad向けにリリースされていたステルスアクションゲーム「HITMAN World of Assassination」が16GB RAM以上のApple Silicon Macに対応。 first appeared on AAPL Ch..",2026-02-25,https://applech2.com/archives/20260226-hitman-world-of-assassination-support-mac.html,"iPhone/iPad向けにリリースされていたステルスアクションゲーム「HITMAN World of Assassination」が16GB RAM以上のApple Silicon Macに対応。 iPhone/iPad向けにリリースされていたステルスアクションゲーム「HITMAN World of Assassination」がApple Silicon Macに対応しています。詳細は以下から。 　デンマークの […]
The post iPhone/iPad向けにリリースされていたステルスアクションゲーム「HITMAN World of Assassination」が16GB RAM以上のApple Silicon Macに対応。 first appeared on AAPL Ch..",iphoneipadhitman world of assassination16gb ramapple silicon mac iphoneipadhitman world of assassinationapple silicon mac the post iphoneipadhitman world of assassination16gb ramapple silicon mac first appeared on aapl ch,iphoneipadhitman world assassination16gb ramapple silicon mac iphoneipadhitman world assassinationapple silicon mac post iphoneipadhitman world assassination16gb ramapple silicon mac first appeared aapl ch,0.0,0.0,1.0,0.0,Neutral
AAPL,Yahoo Entertainment,"Ken Griffin, Ray Dalio, and Warren Buffett All Sold More Apple Stock. Should You?",,2026-02-25,https://consent.yahoo.com/v2/collectConsent?sessionId=1_cc-session_5e4a8524-21ec-41a3-8d84-324bdb15d901,"Ken Griffin, Ray Dalio, and Warren Buffett All Sold More Apple Stock. Should You?",ken griffin ray dalio and warren buffett all sold more apple stock should you,ken griffin ray dalio warren buffett sold apple stock,0.0,0.0,1.0,0.0,Neutral
AAPL,Macworld,Tim Cook sums up Steve Jobs in just four words,"Macworld







Apple boss Tim Cook joined the company in 1998, and has achieved an extraordinary amount in the years since: he has pushed Apple’s profits into the stratosphere, and become a billionaire in the process. But it turns out that the decision to t…",2026-02-25,https://www.macworld.com/article/3071217/tim-cook-sums-up-steve-jobs-in-just-four-words.html,"Tim Cook sums up Steve Jobs in just four words Macworld







Apple boss Tim Cook joined the company in 1998, and has achieved an extraordinary amount in the years since: he has pushed Apple’s profits into the stratosphere, and become a billionaire in the process. But it turns out that the decision to t…",tim cook sums up steve jobs in just four words macworld apple boss tim cook joined the company in 1998 and has achieved an extraordinary amount in the years since he has pushed apples profits into the stratosphere and become a billionaire in the process but it turns out that the decision to t,tim cook sums steve jobs four words macworld apple boss tim cook joined company 1998 achieved extraordinary amount years since pushed apples profits stratosphere become billionaire process turns decision,0.035,0.0,0.965,0.2382,Positive
AAPL,Macdailynews.com,Apple CEO Tim Cook ‘lied through his teeth’ about bringing iPhone production to America – White House trade adviser Navarro,"White House trade adviser Peter Navarro accused Apple CEO Tim Cook of lying about plans to shift iPhone production from China to America…
The post Apple CEO Tim Cook ‘lied through his teeth’ about bringing iPhone production to America – White House trade advi…",2026-02-25,https://macdailynews.com/2026/02/25/apple-ceo-tim-cook-lied-through-his-teeth-about-bringing-iphone-production-to-america-white-house-trade-adviser-navarro/,"Apple CEO Tim Cook ‘lied through his teeth’ about bringing iPhone production to America – White House trade adviser Navarro White House trade adviser Peter Navarro accused Apple CEO Tim Cook of lying about plans to shift iPhone production from China to America…
The post Apple CEO Tim Cook ‘lied through his teeth’ about bringing iPhone production to America – White House trade advi…",apple ceo tim cook lied through his teeth about bringing iphone production to america white house trade adviser navarro white house trade adviser peter navarro accused apple ceo tim cook of lying about plans to shift iphone production from china to america the post apple ceo tim cook lied through his teeth about bringing iphone production to america white house trade advi,apple ceo tim cook lied teeth bringing iphone production america white house trade adviser navarro white house trade adviser peter navarro accused apple ceo tim cook lying plans shift iphone production china america post apple ceo tim cook lied teeth bringing iphone production america white house trade advi,0.0,0.157,0.843,-0.8689,Negative
AAPL,Memeorandum.com,"Tim Cook 'lied through his teeth' about bringing iPhone production to US, Trump trade adviser tells 'Pod Force One' (Josh Christenson/New York Post)","Josh Christenson / New York Post:
Tim Cook ‘lied through his teeth’ about bringing iPhone production to US, Trump trade adviser tells ‘Pod Force One’  —  White House trade adviser Peter Navarro accused Apple's Tim Cook of fibbing about his company bringing iP…",2026-02-25,https://www.memeorandum.com/260225/p31,"Tim Cook 'lied through his teeth' about bringing iPhone production to US, Trump trade adviser tells 'Pod Force One' (Josh Christenson/New York Post) Josh Christenson / New York Post:
Tim Cook ‘lied through his teeth’ about bringing iPhone production to US, Trump trade adviser tells ‘Pod Force One’  —  White House trade adviser Peter Navarro accused Apple's Tim Cook of fibbing about his company bringing iP…",tim cook lied through his teeth about bringing iphone production to us trump trade adviser tells pod force one josh christensonnew york post josh christenson new york post tim cook lied through his teeth about bringing iphone production to us trump trade adviser tells pod force one white house trade adviser peter navarro accused apples tim cook of fibbing about his company bringing ip,tim cook lied teeth bringing iphone production us trump trade adviser tells pod force one josh christensonnew york post josh christenson new york post tim cook lied teeth bringing iphone production us trump trade adviser tells pod force one white house trade adviser peter navarro accused apples tim cook fibbing company bringing ip,0.0,0.108,0.892,-0.7506,Negative
AAPL,Vercel.app,Letters to a Young Creator,"Letters to a Young Creator is a collection of honest perspectives on what it takes to make something great, written by people who have done it before.  Featuring Tim Cook, Jony Ive, Bob Iger, Paola Antonelli, Jon M. Chu, Es Devlin, and many, many more.",2026-02-25,https://ltyc-digital.vercel.app/,"Letters to a Young Creator Letters to a Young Creator is a collection of honest perspectives on what it takes to make something great, written by people who have done it before.  Featuring Tim Cook, Jony Ive, Bob Iger, Paola Antonelli, Jon M. Chu, Es Devlin, and many, many more.",letters to a young creator letters to a young creator is a collection of honest perspectives on what it takes to make something great written by people who have done it before featuring tim cook jony ive bob iger paola antonelli jon m chu es devlin and many many more,letters young creator letters young creator collection honest perspectives takes make something great written people done featuring tim cook jony ive bob iger paola antonelli jon chu es devlin many many,0.134,0.0,0.866,0.8126,Positive
AAPL,New York Post,"Tim Cook ‘lied through his teeth’ about bringing iPhone production to US, Trump trade adviser tells ‘Pod Force One’","Tim Cook is ""the king of evading tariffs,"" President Trump's senior trade counselor told The Post's Miranda Devine.",2026-02-25,https://nypost.com/2026/02/25/us-news/tim-cook-lied-through-his-teeth-about-bringing-iphone-production-to-us-navarro-sez/,"Tim Cook ‘lied through his teeth’ about bringing iPhone production to US, Trump trade adviser tells ‘Pod Force One’ Tim Cook is ""the king of evading tariffs,"" President Trump's senior trade counselor told The Post's Miranda Devine.",tim cook lied through his teeth about bringing iphone production to us trump trade adviser tells pod force one tim cook is the king of evading tariffs president trumps senior trade counselor told the posts miranda devine,tim cook lied teeth bringing iphone production us trump trade adviser tells pod force one tim cook king evading tariffs president trumps senior trade counselor told posts miranda devine,0.0,0.067,0.933,-0.3818,Negative
AAPL,Business Insider,"Michael Saylor defends bitcoin's plunge by comparing it to Apple's 'valley of despair,' which preceded a huge rebound","Michael Saylor likened bitcoin's trajectory to that of Apple stock, which was stuck in a rut before investors acknowledged the dominance of the iPhone.",2026-02-25,https://www.businessinsider.com/bitcoin-price-michael-saylor-apple-rebound-crypto-btc-aapl-2026-2,"Michael Saylor defends bitcoin's plunge by comparing it to Apple's 'valley of despair,' which preceded a huge rebound Michael Saylor likened bitcoin's trajectory to that of Apple stock, which was stuck in a rut before investors acknowledged the dominance of the iPhone.",michael saylor defends bitcoins plunge by comparing it to apples valley of despair which preceded a huge rebound michael saylor likened bitcoins trajectory to that of apple stock which was stuck in a rut before investors acknowledged the dominance of the iphone,michael saylor defends bitcoins plunge comparing apples valley despair preceded huge rebound michael saylor likened bitcoins trajectory apple stock stuck rut investors acknowledged dominance iphone,0.088,0.093,0.819,-0.0516,Negative
AAPL,Ibtimes.com.au,"Apple (AAPL) Stock Climbs to $272 on Rebound Momentum, Record Q1 Results and Upcoming iPhone 17e Fuel Optimism","Apple Inc.'s stock has rebounded strongly in late February 2026, closing at $272.14 on February 24 after gaining 2.24%, as investors focus on the company's record fiscal first-quarter performance, accelerating App Store growth, and anticipation for the iPhone…",2026-02-25,https://www.ibtimes.com.au/apple-aapl-stock-climbs-272-rebound-momentum-record-q1-results-upcoming-iphone-17e-fuel-1862052,"Apple (AAPL) Stock Climbs to $272 on Rebound Momentum, Record Q1 Results and Upcoming iPhone 17e Fuel Optimism Apple Inc.'s stock has rebounded strongly in late February 2026, closing at $272.14 on February 24 after gaining 2.24%, as investors focus on the company's record fiscal first-quarter performance, accelerating App Store growth, and anticipation for the iPhone…",apple aapl stock climbs to 272 on rebound momentum record q1 results and upcoming iphone 17e fuel optimism apple incs stock has rebounded strongly in late february 2026 closing at 27214 on february 24 after gaining 224 as investors focus on the companys record fiscal firstquarter performance accelerating app store growth and anticipation for the iphone,apple aapl stock climbs 272 rebound momentum record q1 results upcoming iphone 17e fuel optimism apple incs stock rebounded strongly late february 2026 closing 27214 february 24 gaining 224 investors focus companys record fiscal firstquarter performance accelerating app store growth anticipation iphone,0.196,0.0,0.804,0.886,Positive
AAPL,Thurrott.com,"Late 2026 MacBook Pro Refresh to Include Multitouch, Dynamic Island","Bloomberg's Mark Gurman reports that Apple will issue a major refresh of its 14- and 16-inch MacBook Pro models this fall.
The post Late 2026 MacBook Pro Refresh to Include Multitouch, Dynamic Island appeared first on Thurrott.com.",2026-02-24,https://www.thurrott.com/apple/333023/late-2026-macbook-pro-refresh-to-include-multitouch-dynamic-island,"Late 2026 MacBook Pro Refresh to Include Multitouch, Dynamic Island Bloomberg's Mark Gurman reports that Apple will issue a major refresh of its 14- and 16-inch MacBook Pro models this fall.
The post Late 2026 MacBook Pro Refresh to Include Multitouch, Dynamic Island appeared first on Thurrott.com.",late 2026 macbook pro refresh to include multitouch dynamic island bloombergs mark gurman reports that apple will issue a major refresh of its 14 and 16inch macbook pro models this fall the post late 2026 macbook pro refresh to include multitouch dynamic island appeared first on thurrottcom,late 2026 macbook pro refresh include multitouch dynamic island bloombergs mark gurman reports apple issue major refresh 14 16inch macbook pro models fall post late 2026 macbook pro refresh include multitouch dynamic island appeared first thurrottcom,0.104,0.0,0.896,0.6369,Positive
AAPL,Yahoo Entertainment,"Apple CEO Tim Cook Says If You Look at Your Phone More Than Someone's Eyes, 'You're Doing The Wrong Thing'",,2026-02-24,https://consent.yahoo.com/v2/collectConsent?sessionId=1_cc-session_c8b686ba-8ebe-432f-83fb-e025af050fb6,"Apple CEO Tim Cook Says If You Look at Your Phone More Than Someone's Eyes, 'You're Doing The Wrong Thing'",apple ceo tim cook says if you look at your phone more than someones eyes youre doing the wrong thing,apple ceo tim cook says look phone someones eyes youre wrong thing,0.0,0.14,0.86,-0.4767,Negative
AAPL,Slashdot.org,Tim Cook ‘slept with one eye open’ after classified CIA briefing on Taiwan - 9to5Mac,Tim Cook ‘slept with one eye open’ after classified CIA briefing on Taiwan9to5Mac The Looming Taiwan Chip Disaster That Silicon Valley Has Long IgnoredThe New York Times America's spymasters terrified Tim Cook with Taiwan invasion timelineAppleInsider Given D…,2026-02-24,https://slashdot.org/firehose.pl?op=view&amp;id=180855400,Tim Cook ‘slept with one eye open’ after classified CIA briefing on Taiwan - 9to5Mac Tim Cook ‘slept with one eye open’ after classified CIA briefing on Taiwan9to5Mac The Looming Taiwan Chip Disaster That Silicon Valley Has Long IgnoredThe New York Times America's spymasters terrified Tim Cook with Taiwan invasion timelineAppleInsider Given D…,tim cook slept with one eye open after classified cia briefing on taiwan 9to5mac tim cook slept with one eye open after classified cia briefing on taiwan9to5mac the looming taiwan chip disaster that silicon valley has long ignoredthe new york times americas spymasters terrified tim cook with taiwan invasion timelineappleinsider given d,tim cook slept one eye open classified cia briefing taiwan 9to5mac tim cook slept one eye open classified cia briefing taiwan9to5mac looming taiwan chip disaster silicon valley long ignoredthe new york times americas spymasters terrified tim cook taiwan invasion timelineappleinsider given,0.0,0.164,0.836,-0.8625,Negative
AAPL,The Times of India,"Tim Cook warned by CIA that China could move on Taiwan by 2027, report says","Tim Cook CIA briefing China Taiwan 2027 threat: Apple CEO Tim Cook reportedly received a classified CIA briefing warning that China could move on Taiwan by 2027, posing a massive risk to the global chip supply dominated by TSMC. The intelligence session with …",2026-02-24,https://economictimes.indiatimes.com/news/international/us/tim-cook-warned-by-cia-that-china-could-move-on-taiwan-by-2027-report-says/articleshow/128761224.cms,"Tim Cook warned by CIA that China could move on Taiwan by 2027, report says Tim Cook CIA briefing China Taiwan 2027 threat: Apple CEO Tim Cook reportedly received a classified CIA briefing warning that China could move on Taiwan by 2027, posing a massive risk to the global chip supply dominated by TSMC. The intelligence session with …",tim cook warned by cia that china could move on taiwan by 2027 report says tim cook cia briefing china taiwan 2027 threat apple ceo tim cook reportedly received a classified cia briefing warning that china could move on taiwan by 2027 posing a massive risk to the global chip supply dominated by tsmc the intelligence session with,tim cook warned cia china could move taiwan 2027 report says tim cook cia briefing china taiwan 2027 threat apple ceo tim cook reportedly received classified cia briefing warning china could move taiwan 2027 posing massive risk global chip supply dominated tsmc intelligence session,0.047,0.151,0.802,-0.7096,Negative
AAPL,Vercel.app,The Steve Jobs Archive: ‘Letters to a Young Creator’,"Letters to a Young Creator is a collection of honest perspectives on what it takes to make something great, written by people who have done it before.  Featuring Tim Cook, Jony Ive, Bob Iger, Paola Antonelli, Jon M. Chu, Es Devlin, and many, many more.",2026-02-24,https://ltyc-digital.vercel.app/laurene-powell-jobs,"The Steve Jobs Archive: ‘Letters to a Young Creator’ Letters to a Young Creator is a collection of honest perspectives on what it takes to make something great, written by people who have done it before.  Featuring Tim Cook, Jony Ive, Bob Iger, Paola Antonelli, Jon M. Chu, Es Devlin, and many, many more.",the steve jobs archive letters to a young creator letters to a young creator is a collection of honest perspectives on what it takes to make something great written by people who have done it before featuring tim cook jony ive bob iger paola antonelli jon m chu es devlin and many many more,steve jobs archive letters young creator letters young creator collection honest perspectives takes make something great written people done featuring tim cook jony ive bob iger paola antonelli jon chu es devlin many many,0.125,0.0,0.875,0.8126,Positive
AAPL,Livemint,"Apple shifts Mac mini production to US, deepens $600 billion investment amid Trump's manufacturing push","Apple CEO Tim Cook said the Mac mini will be produced in the US later this year as part of a $600 billion investment plan. The company is expanding operations in Houston, boosting chip sourcing from US partners, and opening a new manufacturing center to stren…",2026-02-24,https://www.livemint.com/companies/news/apple-inc-tim-cook-american-manufacturing-program-600-bn-investment-donald-trump-mac-mini-houston-facility-ai-servers-11771958351191.html,"Apple shifts Mac mini production to US, deepens $600 billion investment amid Trump's manufacturing push Apple CEO Tim Cook said the Mac mini will be produced in the US later this year as part of a $600 billion investment plan. The company is expanding operations in Houston, boosting chip sourcing from US partners, and opening a new manufacturing center to stren…",apple shifts mac mini production to us deepens 600 billion investment amid trumps manufacturing push apple ceo tim cook said the mac mini will be produced in the us later this year as part of a 600 billion investment plan the company is expanding operations in houston boosting chip sourcing from us partners and opening a new manufacturing center to stren,apple shifts mac mini production us deepens 600 billion investment amid trumps manufacturing push apple ceo tim cook said mac mini produced us later year part 600 billion investment plan company expanding operations houston boosting chip sourcing us partners opening new manufacturing center stren,0.038,0.0,0.962,0.34,Positive
AAPL,redmondpie.com,Apple CEO Tim Cook Remembers Steve Jobs In Newly Published Letter,"Apple CEO Tim Cook has published a new letter remembering Steve Jobs, reflecting on his legacy, leadership, and lasting impact on Apple and the tech industry.
The post Apple CEO Tim Cook Remembers Steve Jobs In Newly Published Letter first appeared on Redmond…",2026-02-24,https://www.redmondpie.com/apple-ceo-tim-cook-remembers-steve-jobs-in-newly-published-letter/,"Apple CEO Tim Cook Remembers Steve Jobs In Newly Published Letter Apple CEO Tim Cook has published a new letter remembering Steve Jobs, reflecting on his legacy, leadership, and lasting impact on Apple and the tech industry.
The post Apple CEO Tim Cook Remembers Steve Jobs In Newly Published Letter first appeared on Redmond…",apple ceo tim cook remembers steve jobs in newly published letter apple ceo tim cook has published a new letter remembering steve jobs reflecting on his legacy leadership and lasting impact on apple and the tech industry the post apple ceo tim cook remembers steve jobs in newly published letter first appeared on redmond,apple ceo tim cook remembers steve jobs newly published letter apple ceo tim cook published new letter remembering steve jobs reflecting legacy leadership lasting impact apple tech industry post apple ceo tim cook remembers steve jobs newly published letter first appeared redmond,0.0,0.0,1.0,0.0,Neutral
AAPL,Tom's Guide,Apple smart glasses have a secret weapon against Meta Ray-Bans — and it's Tim Cook's 'next big thing',"Here's how Apple’s rumored smart glasses plan to keep up with Meta Ray-Bans with one secret weapon, once they finally launch.",2026-02-24,https://www.tomsguide.com/computing/smart-glasses/apple-smart-glasses-may-have-a-secret-weapon-against-meta-ray-bans-they-can-understand-what-youre-looking-at,"Apple smart glasses have a secret weapon against Meta Ray-Bans — and it's Tim Cook's 'next big thing' Here's how Apple’s rumored smart glasses plan to keep up with Meta Ray-Bans with one secret weapon, once they finally launch.",apple smart glasses have a secret weapon against meta raybans and its tim cooks next big thing heres how apples rumored smart glasses plan to keep up with meta raybans with one secret weapon once they finally launch,apple smart glasses secret weapon meta raybans tim cooks next big thing heres apples rumored smart glasses plan keep meta raybans one secret weapon finally launch,0.123,0.1,0.776,0.25,Positive
AAPL,iPhone in Canada,Apple Shareholders Approve Tim Cook’s $74 Million Pay,"At its 2026 annual meeting earlier today, Apple's shareholders approved executive pay for CEO Tim Cook, while rejecting a China audit proposal.
The post Apple Shareholders Approve Tim Cook’s $74 Million Pay first appeared on iPhone in Canada.",2026-02-24,https://www.iphoneincanada.ca/2026/02/24/apple-shareholders-approve-tim-cooks-74-million-pay/,"Apple Shareholders Approve Tim Cook’s $74 Million Pay At its 2026 annual meeting earlier today, Apple's shareholders approved executive pay for CEO Tim Cook, while rejecting a China audit proposal.
The post Apple Shareholders Approve Tim Cook’s $74 Million Pay first appeared on iPhone in Canada.",apple shareholders approve tim cooks 74 million pay at its 2026 annual meeting earlier today apples shareholders approved executive pay for ceo tim cook while rejecting a china audit proposal the post apple shareholders approve tim cooks 74 million pay first appeared on iphone in canada,apple shareholders approve tim cooks 74 million pay 2026 annual meeting earlier today apples shareholders approved executive pay ceo tim cook rejecting china audit proposal post apple shareholders approve tim cooks 74 million pay first appeared iphone canada,0.055,0.141,0.804,-0.34,Negative
AAPL,iPhone in Canada,Apple’s Tim Cook Warned of ‘Economic Apocalypse’ Over Taiwan Chip Links,"A New York Times investigation has revealed that U.S. federal officials are sounding the alarm over Silicon Valley’s dependence on Taiwan. National security officials warned leaders at Apple, AMD, and Qualcomm that a Chinese blockade of the island could bring…",2026-02-24,https://www.iphoneincanada.ca/2026/02/24/apples-tim-cook-warned-of-economic-apocalypse-over-taiwan-chip-links/,"Apple’s Tim Cook Warned of ‘Economic Apocalypse’ Over Taiwan Chip Links A New York Times investigation has revealed that U.S. federal officials are sounding the alarm over Silicon Valley’s dependence on Taiwan. National security officials warned leaders at Apple, AMD, and Qualcomm that a Chinese blockade of the island could bring…",apples tim cook warned of economic apocalypse over taiwan chip links a new york times investigation has revealed that us federal officials are sounding the alarm over silicon valleys dependence on taiwan national security officials warned leaders at apple amd and qualcomm that a chinese blockade of the island could bring,apples tim cook warned economic apocalypse taiwan chip links new york times investigation revealed us federal officials sounding alarm silicon valleys dependence taiwan national security officials warned leaders apple amd qualcomm chinese blockade island could bring,0.043,0.118,0.839,-0.4939,Negative
AAPL,Iphoneblog.de,„Apple’s Next Big Thing Is a Push Into Visual Artificial Intelligence“,"Tim Cook, in der modernen Version von „I think the wrist is interesting“. In a recent all-hands meeting with employees, Cook said that Apple “unquestionably” has a “huge advantage” in the AI space, touting the company’s installed base of 2.5 billion. He menti…",2026-02-24,https://www.iphoneblog.de/2026/02/24/apples-next-big-thing-is-a-push-into-visual-artificial-intelligence/,"„Apple’s Next Big Thing Is a Push Into Visual Artificial Intelligence“ Tim Cook, in der modernen Version von „I think the wrist is interesting“. In a recent all-hands meeting with employees, Cook said that Apple “unquestionably” has a “huge advantage” in the AI space, touting the company’s installed base of 2.5 billion. He menti…",apples next big thing is a push into visual artificial intelligence tim cook in der modernen version von i think the wrist is interesting in a recent allhands meeting with employees cook said that apple unquestionably has a huge advantage in the ai space touting the companys installed base of 25 billion he menti,apples next big thing push visual artificial intelligence tim cook der modernen version von think wrist interesting recent allhands meeting employees cook said apple unquestionably huge advantage ai space touting companys installed base 25 billion menti,0.166,0.028,0.806,0.8126,Positive
AAPL,MacRumors,Tim Cook Reflects on Joining Apple and Steve Jobs,"In an August 2024 letter published by The Steve Jobs Archive today, Tim Cook reflected on joining Apple and what he learned from working with Steve Jobs.





Jobs convinced Cook to join Apple in 1998, to help turn around the company:I'll never forget that fi…",2026-02-24,https://www.macrumors.com/2026/02/24/tim-cook-reflects-on-apple-and-steve-jobs/,"Tim Cook Reflects on Joining Apple and Steve Jobs In an August 2024 letter published by The Steve Jobs Archive today, Tim Cook reflected on joining Apple and what he learned from working with Steve Jobs.





Jobs convinced Cook to join Apple in 1998, to help turn around the company:I'll never forget that fi…",tim cook reflects on joining apple and steve jobs in an august 2024 letter published by the steve jobs archive today tim cook reflected on joining apple and what he learned from working with steve jobs jobs convinced cook to join apple in 1998 to help turn around the companyill never forget that fi,tim cook reflects joining apple steve jobs august 2024 letter published steve jobs archive today tim cook reflected joining apple learned working steve jobs jobs convinced cook join apple 1998 help turn around companyill never forget fi,0.156,0.0,0.844,0.8056,Positive
AAPL,Business Insider,Your next Mac Mini might be made in the US,It's the latest example of Tim Cook leaning into the made-in-America theme as Apple navigates tariffs during Trump's second term.,2026-02-24,https://www.businessinsider.com/apple-mac-mini-made-in-america-us-houston-factory-2026-2,Your next Mac Mini might be made in the US It's the latest example of Tim Cook leaning into the made-in-America theme as Apple navigates tariffs during Trump's second term.,your next mac mini might be made in the us its the latest example of tim cook leaning into the madeinamerica theme as apple navigates tariffs during trumps second term,next mac mini might made us latest example tim cook leaning madeinamerica theme apple navigates tariffs trumps second term,0.0,0.0,1.0,0.0,Neutral
AAPL,Tom's Hardware UK,"US gov't warned Nvidia CEO Jensen Huang, Tim Cook, and Lisa Su that China could invade Taiwan by 2027 — Apple CEO reportedly said he sleeps 'with one eye open'","A new investigative report from The New York Times reveals that, in July 2023, senior US intelligence officials privately briefed some of the tech industry's most powerful executives on classified assessments regarding China and Taiwan.",2026-02-24,https://www.tomshardware.com/tech-industry/semiconductors/us-govt-warned-nvidia-ceo-jensen-huang-tim-cook-and-lisa-su-that-china-could-invade-taiwan-by-2027-apple-ceo-reportedly-said-he-sleeps-with-one-eye-open,"US gov't warned Nvidia CEO Jensen Huang, Tim Cook, and Lisa Su that China could invade Taiwan by 2027 — Apple CEO reportedly said he sleeps 'with one eye open' A new investigative report from The New York Times reveals that, in July 2023, senior US intelligence officials privately briefed some of the tech industry's most powerful executives on classified assessments regarding China and Taiwan.",us govt warned nvidia ceo jensen huang tim cook and lisa su that china could invade taiwan by 2027 apple ceo reportedly said he sleeps with one eye open a new investigative report from the new york times reveals that in july 2023 senior us intelligence officials privately briefed some of the tech industrys most powerful executives on classified assessments regarding china and taiwan,us govt warned nvidia ceo jensen huang tim cook lisa su china could invade taiwan 2027 apple ceo reportedly said sleeps one eye open new investigative report new york times reveals july 2023 senior us intelligence officials privately briefed tech industrys powerful executives classified assessments regarding china taiwan,0.089,0.03,0.88,0.624,Positive
AAPL,Macdailynews.com,CIA warned Apple CEO Tim Cook that communist China could move on Taiwan by 2027,"Apple CEO Tim Cook was among a select group of Silicon Valley leaders who received a classified briefing from the CIA regarding Taiwan…
The post CIA warned Apple CEO Tim Cook that communist China could move on Taiwan by 2027 appeared first on MacDailyNews.",2026-02-24,https://macdailynews.com/2026/02/24/cia-warned-apple-ceo-tim-cook-that-communist-china-could-move-on-taiwan-by-2027/,"CIA warned Apple CEO Tim Cook that communist China could move on Taiwan by 2027 Apple CEO Tim Cook was among a select group of Silicon Valley leaders who received a classified briefing from the CIA regarding Taiwan…
The post CIA warned Apple CEO Tim Cook that communist China could move on Taiwan by 2027 appeared first on MacDailyNews.",cia warned apple ceo tim cook that communist china could move on taiwan by 2027 apple ceo tim cook was among a select group of silicon valley leaders who received a classified briefing from the cia regarding taiwan the post cia warned apple ceo tim cook that communist china could move on taiwan by 2027 appeared first on macdailynews,cia warned apple ceo tim cook communist china could move taiwan 2027 apple ceo tim cook among select group silicon valley leaders received classified briefing cia regarding taiwan post cia warned apple ceo tim cook communist china could move taiwan 2027 appeared first macdailynews,0.0,0.069,0.931,-0.4939,Negative
AAPL,Ibtimes.com.au,Apple (AAPL) Stock Dips 1.1% to $245.78 as Investors Await iPhone 17 Details and Services Growth Update,"Apple Inc. (NASDAQ: AAPL) shares closed at $245.78 on Monday, February 23, 2026, down 1.1% from the previous session's $248.50 finish, extending a modest pullback that has seen the stock trade sideways to lower in early 2026.",2026-02-24,https://www.ibtimes.com.au/apple-aapl-stock-dips-11-24578-investors-await-iphone-17-details-services-growth-update-1861999,"Apple (AAPL) Stock Dips 1.1% to $245.78 as Investors Await iPhone 17 Details and Services Growth Update Apple Inc. (NASDAQ: AAPL) shares closed at $245.78 on Monday, February 23, 2026, down 1.1% from the previous session's $248.50 finish, extending a modest pullback that has seen the stock trade sideways to lower in early 2026.",apple aapl stock dips 11 to 24578 as investors await iphone 17 details and services growth update apple inc nasdaq aapl shares closed at 24578 on monday february 23 2026 down 11 from the previous sessions 24850 finish extending a modest pullback that has seen the stock trade sideways to lower in early 2026,apple aapl stock dips 11 24578 investors await iphone 17 details services growth update apple inc nasdaq aapl shares closed 24578 monday february 23 2026 11 previous sessions 24850 finish extending modest pullback seen stock trade sideways lower early 2026,0.106,0.038,0.856,0.4588,Positive
AAPL,9to5Mac,"Steve Jobs Archive releases ‘Letters to a Young Creator’ featuring Tim Cook, Jony Ive, and more","The Steve Jobs Archive has published a project online called Letters to a Young Creator. Timed with what would be the late Apple co-founder’s 71st birthday, the collection of notes includes submissions by Tim Cook, Jony Ive, and more.



 more…",2026-02-24,https://9to5mac.com/2026/02/24/steve-jobs-archive-releases-letters-to-a-young-creator-featuring-tim-cook-jony-ive-and-more/,"Steve Jobs Archive releases ‘Letters to a Young Creator’ featuring Tim Cook, Jony Ive, and more The Steve Jobs Archive has published a project online called Letters to a Young Creator. Timed with what would be the late Apple co-founder’s 71st birthday, the collection of notes includes submissions by Tim Cook, Jony Ive, and more.



 more…",steve jobs archive releases letters to a young creator featuring tim cook jony ive and more the steve jobs archive has published a project online called letters to a young creator timed with what would be the late apple cofounders 71st birthday the collection of notes includes submissions by tim cook jony ive and more more,steve jobs archive releases letters young creator featuring tim cook jony ive steve jobs archive published project online called letters young creator timed would late apple cofounders 71st birthday collection notes includes submissions tim cook jony ive,0.0,0.0,1.0,0.0,Neutral
AAPL,Business Insider,"Career tips for creators from 5 of Steve Jobs' friends, including Tim Cook, Jony Ive, and Bob Iger","Steve Jobs’ legacy is celebrated by friends like Tim Cook, Jony Ive, and Bob Iger sharing their insights in ""Letters to a Young Creator.""",2026-02-24,https://www.businessinsider.com/tim-cook-jony-ive-more-honor-steve-jobs-creative-advice-2026-2,"Career tips for creators from 5 of Steve Jobs' friends, including Tim Cook, Jony Ive, and Bob Iger Steve Jobs’ legacy is celebrated by friends like Tim Cook, Jony Ive, and Bob Iger sharing their insights in ""Letters to a Young Creator.""",career tips for creators from 5 of steve jobs friends including tim cook jony ive and bob iger steve jobs legacy is celebrated by friends like tim cook jony ive and bob iger sharing their insights in letters to a young creator,career tips creators 5 steve jobs friends including tim cook jony ive bob iger steve jobs legacy celebrated friends like tim cook jony ive bob iger sharing insights letters young creator,0.291,0.0,0.709,0.9349,Positive
AAPL,Macdailynews.com,Today is the 71st anniversary of Steve Jobs’ birth,"Today marks the 71st anniversary of Steve Jobs’ birth. The legendary co-founder of Apple Inc. was born on February 24, 1955…
The post Today is the 71st anniversary of Steve Jobs’ birth appeared first on MacDailyNews.",2026-02-24,https://macdailynews.com/2026/02/24/today-is-the-71st-anniversary-of-steve-jobs-birth/,"Today is the 71st anniversary of Steve Jobs’ birth Today marks the 71st anniversary of Steve Jobs’ birth. The legendary co-founder of Apple Inc. was born on February 24, 1955…
The post Today is the 71st anniversary of Steve Jobs’ birth appeared first on MacDailyNews.",today is the 71st anniversary of steve jobs birth today marks the 71st anniversary of steve jobs birth the legendary cofounder of apple inc was born on february 24 1955 the post today is the 71st anniversary of steve jobs birth appeared first on macdailynews,today 71st anniversary steve jobs birth today marks 71st anniversary steve jobs birth legendary cofounder apple inc born february 24 1955 post today 71st anniversary steve jobs birth appeared first macdailynews,0.0,0.0,1.0,0.0,Neutral
